Ref,Val,Package,PosX,PosY,Rot,Side
"C1","22pF","C_1206_3216Metric_Pad1.33x1.80mm_HandSolder",78.740000,-104.140000,-90.000000,bottom
"C2","22pF","C_1206_3216Metric_Pad1.33x1.80mm_HandSolder",78.486000,-96.266000,90.000000,bottom
"C3","1uF","C_1206_3216Metric_Pad1.33x1.80mm_HandSolder",100.584000,-92.456000,180.000000,bottom
"C4","100nF","C_1206_3216Metric_Pad1.33x1.80mm_HandSolder",116.332000,-92.202000,180.000000,bottom
"C5","100nF","C_1206_3216Metric_Pad1.33x1.80mm_HandSolder",86.868000,-106.172000,180.000000,bottom
"C6","100nF","C_1206_3216Metric_Pad1.33x1.80mm_HandSolder",94.996000,-94.996000,90.000000,bottom
"R1","22R","R_1206_3216Metric_Pad1.30x1.75mm_HandSolder",87.376000,-94.996000,-90.000000,bottom
"R2","22R","R_1206_3216Metric_Pad1.30x1.75mm_HandSolder",91.186000,-94.996000,-90.000000,bottom
"R3","680R","R_1206_3216Metric_Pad1.30x1.75mm_HandSolder",117.094000,-86.614000,180.000000,bottom
"D1","LED","LED_D3.0mm",118.237000,-81.534000,180.000000,top
"J1","USB_B_Mini","USB_Mini-B_Lumberg_2486_01_Horizontal",82.000000,-76.000000,180.000000,top
"J2","C64 Serial","C64_Original_DIN-6_Circular",93.980000,-82.423000,0.000000,top
"J3","Parallel_DB15F","DSUB-15_Female_Horizontal_P2.77x2.84mm_EdgePinOffset7.70mm_Housed_MountingHolesOffset9.12mm",124.000000,-82.000000,90.000000,top
"J4","ICSP_Prog","PinHeader_2x03_P2.54mm_Horizontal",79.564000,-89.393000,180.000000,top
"R4","100K","R_1206_3216Metric_Pad1.30x1.75mm_HandSolder",107.442000,-94.742000,0.000000,top
"R5","100K","R_1206_3216Metric_Pad1.30x1.75mm_HandSolder",107.442000,-98.298000,0.000000,top
"R6","100K","R_1206_3216Metric_Pad1.30x1.75mm_HandSolder",107.442000,-101.854000,0.000000,top
"R7","100K","R_1206_3216Metric_Pad1.30x1.75mm_HandSolder",107.442000,-105.410000,0.000000,top
"R8","100K","R_1206_3216Metric_Pad1.30x1.75mm_HandSolder",107.442000,-108.966000,0.000000,top
"U1","ATmega32U2-AU","TQFP-32_7x7mm_P0.8mm",97.536000,-105.410000,0.000000,top
"U2","74LS06","SOIC-14_3.9x8.7mm_P1.27mm",115.505000,-99.949000,0.000000,top
"Y1","16Mhz","Crystal_HC18-U_Vertical",72.390000,-97.790000,-90.000000,top
